node_id	object
AO24	carcinoma
AO20	vaginitis
AO17	chromosome aberrations
AO19	vitiligo
AO22	skin diseases
AO6	breast cancer
AO21	diabetes mellitus
AO18	immune system diseases
AO5	cancer
AO15	thyroid nodule
AO3	adenocarcinoma
AO25	erythema
AO10	thyroiditis
AO2	emergencies
AO14	disease
AO28	autoimmune disease
AO8	death
AO7	dermatitis
AO29	infertility
AO23	hemolysis
AO26	poisoning
AO13	prostatism
AO16	carcinogenesis
AO1	alcoholism
AO9	eczema
AO11	decreased fertility
AO12	obesity
AO27	hepatitis
AO4	enteritis
KE1182	increase cell proliferation (epithelial cells)
KE808	decreased testosterone
KE885	increase cancer
KE794	increase cytotoxicity (urothelial cells)
KE785	activation androgen receptor
KE780	increase cytotoxicity (epithelial cells)
KE1030	increased 
KE1278	ros formation
KE286	decreased transcription genes ar
KE277	decrease thyroid hormone synthesis
KE770	increase cytotoxicity (club cells)
KE1157	activation hepatic nuclear receptor(s)
KE1249	oxidative stress 
KE1194	increase dna damage
KE742	decreased androgen receptor activity
KE294	unknown
KE776	increase cytotoxicity (corneal cells)
KE122	activation glucocorticoid receptor
KE1205	activation juvenile hormone receptor
KE364	impaired development of reproductive organs
KE446	reduction testosterone level
KE1281	increased dna damage repair
KE1193	breast cancer
KE1262	apoptosis
KE494	glucocorticoid receptor agonist activation
KE1033	increased proliferation mesenchymal cells
KE201	binding antagonist nmda receptors
KE1021	increased t4 t3 catabolism
KE1447	obesity
KE249	production reactive oxygen species
KE210	oxidative stress
KE169	disruption membrane integrity
KE768	increase cytotoxicity
KE1445	increase lipid peroxidation
KE416	increase proliferation leydig cell 
KE1189	increased proliferation (endothelial cells) 
KE1396	increased glucocorticoid receptor activity
KE330	decrease fertility
KE1392	oxidative stress 
KE312	allergic contact dermatitis challenge
KE130	depletion gsh
KE1089	increased cell proliferation (mesothelium)
KE923	increase proliferation goblet cells
KE870	increase cell proliferation
KE1115	increased reactive oxygen species
KE1113	unknown 
RE129	129
RE131	131
RE7	7
RE136	136
RE9	9
RE10	10
RE137	137
RE12	12
RE141	141
RE16	16
RE17	17
RE147	147
RE20	20
RE22	22
RE150	150
RE27	27
RE28	28
RE155	155
RE157	157
RE159	159
RE161	161
RE163	163
RE36	36
RE166	166
RE167	167
RE40	40
RE41	41
RE170	170
RE43	43
RE44	44
RE45	45
RE46	46
RE173	173
RE48	48
RE49	49
RE178	178
RE51	51
RE52	52
RE53	53
RE175	175
RE174	174
RE56	56
RE57	57
RE58	58
RE60	60
RE64	64
RE66	66
RE70	70
RE71	71
RE73	73
RE76	76
RE77	77
RE80	80
RE81	81
RE82	82
RE84	84
RE85	85
RE86	86
RE90	90
RE95	95
RE97	97
RE99	99
RE101	101
RE102	102
RE104	104
RE113	113
RE116	116
RE117	117
RE121	121
RE123	123
RE124	124
RE125	125
RE126	126
RE127	127
